"Precios al consumidor de una selección de alimentos, bebidas y otros artículos de la canasta del Índice de precios al consumidor, según regiones. Junio 2017- febrero 2025",Unnamed: 1,Unnamed: 2,Unnamed: 3,Unnamed: 4,Unnamed: 5,Unnamed: 6,Unnamed: 7,Unnamed: 8,Unnamed: 9,Unnamed: 10,Unnamed: 11,Unnamed: 12,Unnamed: 13,Unnamed: 14,Unnamed: 15,Unnamed: 16,Unnamed: 17,Unnamed: 18,Unnamed: 19,Unnamed: 20,Unnamed: 21,Unnamed: 22,Unnamed: 23,Unnamed: 24,Unnamed: 25,Unnamed: 26,Unnamed: 27,Unnamed: 28,Unnamed: 29,Unnamed: 30,Unnamed: 31,Unnamed: 32,Unnamed: 33,Unnamed: 34,Unnamed: 35,Unnamed: 36,Unnamed: 37,Unnamed: 38,Unnamed: 39,Unnamed: 40,Unnamed: 41,Unnamed: 42,Unnamed: 43,Unnamed: 44,Unnamed: 45,Unnamed: 46,Unnamed: 47,Unnamed: 48,Unnamed: 49,Unnamed: 50,Unnamed: 51,Unnamed: 52,Unnamed: 53,Unnamed: 54,Unnamed: 55,Unnamed: 56,Unnamed: 57,Unnamed: 58,Unnamed: 59,Unnamed: 60,Unnamed: 61,Unnamed: 62,Unnamed: 63,Unnamed: 64,Unnamed: 65,Unnamed: 66,Unnamed: 67,Unnamed: 68,Unnamed: 69,Unnamed: 70,Unnamed: 71,Unnamed: 72,Unnamed: 73,Unnamed: 74,Unnamed: 75,Unnamed: 76,Unnamed: 77,Unnamed: 78,Unnamed: 79,Unnamed: 80,Unnamed: 81,Unnamed: 82,Unnamed: 83,Unnamed: 84,Unnamed: 85,Unnamed: 86,Unnamed: 87,Unnamed: 88,Unnamed: 89,Unnamed: 90,Unnamed: 91,Unnamed: 92,Unnamed: 93,Unnamed: 94,Unnamed: 95,Unnamed: 96,Unnamed: 97,Unnamed: 98,Unnamed: 99,Unnamed: 100,Unnamed: 101,Unnamed: 102,Unnamed: 103
,,,,,,,,,,,,,,,,,,,,,,,,,,,,,,,,,,,,,,,,,,,,,,,,,,,,,,,,,,,,,,,,,,,,,,,,,,,,,,,,,,,,,,,,,,,,,,,,,,,,,,,
Región,Productos seleccionados,Unidad de medida,Año 2017,,,,,,,,Año 2018,,,,,,,,,,,,,Año 2019,,,,,,,,,,,,,Año 2020,,,,,,,,,,,,,Año 2021,,,,,,,,,,,,,Año 2022,,,,,,,,,,,,,Año 2023,,,,,,,,,,,,,Año 2024,,,,,,,,,,,,,Año 2025,
,,,Junio,Julio,Agosto,Septiembre,Octubre,Noviembre,Diciembre,,Enero,Febrero,Marzo,Abril,Mayo,Junio,Julio,Agosto,Septiembre,Octubre,Noviembre,Diciembre,,Enero,Febrero,Marzo,Abril,Mayo,Junio,Julio,Agosto,Septiembre,Octubre,Noviembre,Diciembre,,Enero ,Febrero,Marzo,Abril,Mayo,Junio,Julio,Agosto,Septiembre,Octubre,Noviembre,Diciembre,,Enero,Febrero,Marzo,Abril,Mayo,Junio,Julio,Agosto,Septiembre,Octubre,Noviembre,Diciembre,,Enero,Febrero,Marzo,Abril,Mayo,Junio,Julio,Agosto,Septiembre,Octubre,Noviembre,Diciembre,,Enero,Febrero,Marzo,Abril,Mayo,Junio,Julio,Agosto,Septiembre,Octubre,Noviembre,Diciembre,,Enero,Febrero,Marzo,Abril,Mayo,Junio,Julio,Agosto,Septiembre,Octubre,Noviembre,Diciembre,,Enero,Febrero
,,,Pesos,,,,,,,,,,,,,,,,,,,,,,,,,,,,,,,,,,,,,,,,,,,,,,,,,,,,,,,,,,,,,,,,,,,,,,,,,,,,,,,,,,,,,,,,,,,,,,,,,,,,
,,,,,,,,,,,,,,,,,,,,,,,,,,,,,,,,,,,,,,,,,,,,,,,,,,,,,,,,,,,,,,,,,,,,,,,,,,,,,,,,,,,,,,,,,,,,,,,,,,,,,,,
GBA,Pan francés,kg,38.64,39.12,39.43,39.71,39.89,40.24,40.55,,41.29,42.62,44.38,45.83,49.81,55.19,57.05,57.61,67.25,71.9,72.63,73.49,,75.04,76.94,79.9,81.56,83.89,87.52,88.68,92.16,98.61,100.62,106.12,108.02,,111.25,112.99,116.37,116.52,113.97,116.46,116.71,116.91,127.31,132.1,138.31,140.13,,145.61,151.12,157.27,164.717942940625,172.293018932874,182.910621066996,185.115698554028,188.621431134082,190.09,197.99,204.32,207.97,,209.92,225.82,265.71,295.24,301.62,311.8,327.39,343.1,366.54,385.2,407.77,428.42,,435.66,459.15,505.58,545.94,617.19,698.16,756.05,861.81,980.2,1076.98,1244.72,1534.79,,1790.62,1942.55,2214.07,2376.84,2501.86,2597.5,2663.51,2774.95,2878.01,2948.01,3040.97,3095.49,,3154.17,3212.93
GBA,Harina de trigo común,kg,10.67,10.61,10.65,10.66,10.61,10.81,11.03,,11.2,11.64,11.94,12.72,16.69,20.99,23.35,24.09,26.92,29.19,30.23,30.32,,30.81,31.28,31.56,31.69,33.15,34.3,34.85,36.04,38.34,38.9,39.48,40.24,,42.07,43.62,43.43,43.7,44.22,44.41,45.62,46.04,46.12,47.66,45.17,42.55,,43.62,45.06,45.12,46.399629320835,49.5059559771371,50.9380564397098,52.7091162053103,53.547282963772,56.83,59.29,59.37,59.46,,62.82,65.55,74.22,86.18,95.25,95.24,107.06,114.41,123.46,132.37,140.7,146.91,,160.14,172.29,176.24,185.36,193.13,196.65,207.44,222.91,241.22,269.52,323.26,492.38,,665.79,741.12,818.97,816.97,786.85,828.26,851.77,829.47,829.22,815.9,830.61,822.88,,818.77,824.92
GBA,Arroz blanco simple,kg,20.96,21.08,21.25,21.49,21.74,21.74,22.1,,22.81,23.22,23.84,24.37,24.64,25.99,26.82,28.7,33.39,35.53,37.65,38.61,,39.39,40.6,40.94,42.2,44.27,45.36,45.83,48.48,49.5,50.38,54.75,57.46,,63.84,66.04,67.75,70.13,70.22,72.56,73.25,73.8,75.75,80.55,80.9,81.76,,81.53,81.61,84.36,96.383823096717,108.970152781559,111.682709382476,111.743490566369,117.360671749081,115.14,116.74,114.43,114.82,,120.6,120.62,124.5,127.08,131.18,136.95,137.75,143.83,154.33,167.76,173.27,183.52,,198.02,226.87,242.47,269.86,318.44,358.85,403.18,460.4,582.04,789.18,1020.69,1557.53,,2046.61,2355.31,2445.35,2422.83,2351.11,2336.91,2301.88,2288.26,2262,2285.88,2273.69,2190.58,,2110.76,1937.98
GBA,Fideos secos tipo guisero,500 g,19.08,19.53,19.73,19.86,20.13,20.34,20.54,,21.23,21.56,22.35,22.86,25.03,26.94,28.33,28.88,34.68,37.81,40.34,41.28,,42.15,43.21,43.89,46.99,48.3,48.47,49.29,49.95,51.45,52.06,53.09,53.79,,56.92,58.85,59.15,59.79,59.1,58.07,59.54,60.08,60.37,60.39,61.54,60.87,,61.51,64.04,66.86,68.8651822767214,69.4488307099251,71.1595827127392,73.6907467469398,75.188592325642,75.34,77.52,76.95,78.44,,80.6,84.2,93.18,100.91,108.12,122.06,139.54,152.35,162.58,177.09,184.35,191.91,,207.95,221.36,235.67,247.65,278.12,308.03,327.01,347.03,391.36,516.94,760.44,991.66,,1125.02,1260.22,1304.62,1359.24,1399.7,1371.32,1396.5,1431.34,1394.23,1374.73,1382.81,1392.73,,1412.18,1415.42
GBA,Carne picada común,kg,72.2,72.71,73.4,73.28,73.75,73.83,72.92,,72.19,75.63,77.08,80.3,83.4,90.41,91.52,95.14,102.45,105.97,106.89,106.47,,113.53,126.42,134.04,135.35,137.67,137.31,141.22,147.85,156.25,157.13,168.39,178.35,,202.41,209.42,214.88,227.42,229.53,230.34,235.95,247.99,248.81,254.61,271.41,300.9,,313.33,327.65,355.55,372.637741909348,407.231596732536,427.820656653559,429.771086517106,414.759300910814,431.41,430.85,479.86,507.32,,481.74,538.25,559.84,614.62,664.87,686.83,695.04,697.06,719.47,728.26,704.96,698.77,,750.61,1013.04,1047.42,1097.26,1146.09,1172.34,1221.66,1702.55,1972.69,2065.09,2345.9,3142.87,,3469.9,3807.3,4193.13,4441.39,4673.95,4837.91,4883.83,4913.59,4934.2,4918.39,5020.98,5395,,5464.55,6081.11
GBA,Pollo entero,kg,34.45,35.51,36.21,38.57,39.3,38.19,39.63,,41.78,45.32,47.36,44.75,44.04,46.5,47.41,51.58,59.71,61.37,62.77,64.28,,66.32,72.08,90.41,91.78,84.65,84,80.72,83.88,95.89,98.32,101.17,102.48,,107.04,108.47,118.62,118.37,111.93,111.67,114.78,119.25,122.1,132.42,133.55,154.99,,160.99,168.6,175.11,178.410482313829,180.57221887911,190.575231220058,193.658403385762,198.662496786726,205.53,208.68,217.62,223.64,,229.35,240.37,276.59,310,335.82,356.69,367.61,380.37,404.87,424.66,426.82,437.28,,452.94,483.55,612.5,774.33,726.36,687.76,696.94,840.37,993.4,1100.39,1275.08,1652.73,,1882.69,2094.9,2370.27,2564.95,2598.08,2602.27,2659.11,2853.71,3002.26,2982.07,3007.36,3138.91,,3084.45,3096.29
GBA,Aceite de girasol,"1,5 litros",50.41,51.35,52.35,54.09,54.68,55.11,55.52,,55.86,56.01,57.25,59.53,62.4,69.79,76.14,78.36,92.12,96.66,97.83,97.76,,98.05,97.98,98.91,101.13,106.54,108.98,112.8,117.5,124.08,127.47,130.85,132.73,,144.33,149.44,150.46,150.03,150.58,149.68,153.39,153.93,157.02,170.81,177.75,181.9,,190.11,192.1,202.19,220.947306827983,233.349110859985,240.68773931503,251.838384780312,258.721479803637,273.66,290.33,289.3,296.67,,305.48,312.8,309.79,351.67,370.71,418.66,487.16,576.12,632.66,714.85,727.68,776.18,,814.01,867.67,885.92,909.17,928.68,950.1,964.8,1026,1099.4,1157,1273.09,1993.79,,2630.43,2763.02,2979.43,2969.19,2928.69,2933.21,2957.99,2985.42,3025.31,3179.06,3295.82,3472.38,,3697.52,3810.07
GBA,Leche fresca entera sachet,Litro,20.96,21.53,21.72,21.81,21.95,22.63,22.8,,22.98,23.08,23.26,23.84,23.89,24.58,24.84,26.09,28.28,30.66,31.3,33.52,,35.36,36.25,39.65,42.25,44.32,44.77,46.88,48.37,47.98,48.97,50.04,50.98,,55.02,54.01,55.72,54.84,54.58,54.87,55.89,56,55.94,57.05,57.45,57.3,,58,62.05,69.52,76.3513245461347,77.2139293767186,84.1034856069125,84.9197760444648,86.7027184673727,93.73,93.28,89.46,90.29,,91.22,95.44,108.75,117.5,125.69,132.51,142.42,153.89,171.06,200.61,210.21,216.31,,225.27,236.04,251.87,271.29,293.3,309.63,330.57,357.21,381.93,413.3,457.1,614.66,,842.24,1018.87,1210.72,1276.28,1320.05,1355.43,1305.07,1353.44,1358.1,1390.63,1428.74,1454.57,,1483.06,1496.62
GBA,Huevos de gallina,Docena,33.23,33.54,33.63,33.7,33.93,33.99,33.94,,34.19,36.99,43.8,48,51.52,51.95,52.46,53.55,59.81,62.35,62.84,62.86,,63.66,64.9,69.59,73.78,75.56,77.65,77.75,79.43,82.22,84.33,87.83,90.9,,93.89,96.04,97.66,104.97,114.06,115.52,121.3,123.35,123.98,125.97,125.86,126.16,,127.31,127.51,130.07,133.462676754315,134.992445139442,138.466486229359,146.477790388881,147.683904475283,152.16,153.69,155.52,159.68,,163.58,200.45,243.77,263.81,268.24,272.46,305.61,345.75,353.57,376.96,396.5,411.77,,432.85,490.18,616.35,744.62,812.81,856.34,890.31,1050.63,1247.41,1313.33,1397.28,1622.13,,1845.96,1993.17,2407,2559.83,2573.89,2576.45,2654.92,2732.1,2848.02,3038.06,3114.32,3163.44,,3161.83,3229.38
GBA,Papa,kg,13.9,14.48,14.35,14.37,15.34,18.7,18.65,,17.64,16.64,15.67,15.31,15.7,15.41,15.81,16.06,16.15,21.83,28.64,23.45,,22.45,20.33,21.22,20.83,21.06,22.62,24.22,25.53,28.09,27.23,28.35,27.6,,31.24,33.23,32.84,36.65,34.58,33.85,36.48,38.04,36.68,49.21,57.26,61.1,,59.7,59.67,55.86,54.35498683562542,55.953824901397915,53.3307515790519,52.36173674744449,50.19178002585386,51.18,52.86,55.84,53.71,,61.33,71.35,67.24,68.2,71.28,86.64,91.32,120.84,142.16,224.06,206.65,210.94,,263.02,256.7,246.9,240.82,251.59,313.8,420.69,539.83,616.42,604.95,621.43,715.39,,721.76,749.73,748.7,734.05,714.83,708.8,913.17,1274.15,1326.9,1393.92,1197.23,1046.62,,842.73,790.79
GBA,Azúcar,kg,19.16,19.37,19.58,19.78,20.12,20.7,21.59,,22.58,23.57,24.28,24.68,25.14,25.38,25.38,25.76,27.67,28.03,28.26,28.81,,29.64,30.14,31.63,33.86,36.17,38.05,39.17,41.22,42.13,42.31,43.12,44.18,,50.66,56.99,61.83,66.25,65.43,65.75,64.33,62.97,64.01,65.15,64.48,66.12,,66.78,68.58,69,69.6394245744247,69.5755585032031,70.9590784189815,73.685482121513,75.6773169692804,78.15,78.87,79.26,81.71,,83.75,89.08,98.46,110.09,123.16,133.11,173.68,203.52,230.74,248.31,254.41,251.86,,254.84,271.75,293.61,355.67,459.16,614.94,719.94,761.15,870.89,1007.9,1091.95,1308.43,,1318.26,1239.38,1216.28,1185.14,1104.68,1088.92,1080.57,1127.88,1109.76,1092.81,1091.08,1122.88,,1114.45,1128.86
GBA,Detergente líquido,750 cc,19.53,19.84,20.1,20.08,20.55,20.77,20.96,,21.24,21.16,22.16,22.46,22.99,24.12,24.93,26.52,30.97,33.9,35.65,37.47,,40.28,42.81,44.34,46.01,48.33,50.29,51.29,53.31,58.75,60.92,63.01,63.55,,63.3,64.91,65.34,65.82,67.36,67.37,68.13,69.4,69.03,69.94,70.73,73.04,,75.03,77.05,79.52,81.8298272077617,84.6023129228369,88.2422074223283,91.1088064397428,92.425562212087,96.43,98.65,104.38,111.31,,114.95,119.86,130.13,139.97,150.47,157.6,163.79,178.55,189.51,195.38,202.27,207.92,,219.13,232.05,239.07,250.43,271.33,292.53,306.16,319.49,372.18,420.32,485.11,721.8,,1057.03,1161.25,1317.75,1370.91,1412.97,1483.27,1499.6,1495.37,1509.9,1526.04,1493.08,1502.49,,1547.67,1563.03
GBA,Lavandina,1.000 cc,15.7,15.62,15.64,15.96,16.13,16.31,16.6,,17.22,17.65,18.05,19.11,19.76,20.27,21.07,21.57,24.15,26.11,27.11,28.46,,30.17,31.27,33.68,34.68,36.35,38,38.63,39.61,42.22,43.53,44.68,46.38,,47.36,47.71,48.45,49.45,49.63,52.14,52.9,52.61,53.67,54.87,53.95,54.48,,54.46,54.75,54.98,55.7861003062052,56.1544077445742,56.831848977187,58.8724173752141,60.6554514868132,64.63,66.62,67.05,71.05,,72.85,77.26,80.48,89.65,94.02,96.76,106.55,123.51,136.55,142.48,150.82,158.29,,169.62,175.1,181.11,188.7,203.16,219.2,236.34,257.14,295.42,331.01,365.72,522.96,,751.79,832.73,936.61,984.42,989.66,1012.68,1048.24,1042.22,1052.82,1106.3,1106.63,1094.49,,1098.59,1122.95
GBA,Jabón de tocador,125 g,13.99,14.12,14.24,14.51,14.6,14.92,14.99,,15.07,15.32,15.81,15.96,16.26,16.96,17.63,18.51,20.76,21.96,22.94,23.48,,24.69,25.45,26.17,27.17,28.34,28.96,30.15,31.34,33.79,34.87,36.08,37.49,,38.79,40.6,41.96,42.45,42.8,42.36,42.71,44.05,45.12,46.2,47.16,47.4,,47.08,50.13,51.19,52.280053496684,53.4133261696308,54.2118629543064,57.054359740705,58.4098396776261,61.38,63.91,67.78,69.61,,73.15,77.41,82.17,89.85,94.54,105.14,116.38,128.12,142.53,152.38,162.05,172.01,,179.71,190.65,198.87,209.61,217.53,234.4,246.2,260.56,285.68,301.15,326.4,451.57,,635.47,690.5,707.67,752.27,756.55,751.23,779.25,808.63,837.75,853.23,864.23,863.47,,908.32,926.91
Pampeana,Pan francés,kg,31.42,31.93,32.32,32.62,33.03,33.31,33.55,,34.1,35.05,36.48,37.81,40.69,46.25,47.62,48.81,55.08,57.98,58.73,59.36,,60.57,62.07,63.34,64.71,67,69.59,71.76,75.44,80.17,81.54,84.09,85.63,,88.32,89.91,91.82,94.2,97.47,97.58,98.76,100.61,102.44,106.46,109.65,112.74,,118.71,124.95,130.72,136.056198473374,141.5783086,149.56031807267,153.536998303346,156.7035412,160.34,166.77,169.24,174.78,,180.46,189.19,225.75,247.89,260.8,268.78,282.23,305.11,318.09,334.24,358.07,376.71,,392.17,412.84,435.19,469.09,513.29,561.86,598.07,671.81,761.76,826.08,956.49,1197.25,,1429.27,1609.18,1751.83,1833.75,1937.14,2094.22,2160.38,2237.21,2290.12,2329.48,2391.75,2444.68,,2493.16,2536.06
Pampeana,Harina de trigo común,kg,11.19,11.17,11.19,11.25,11.35,11.44,11.62,,11.72,12.01,12.38,13.56,16.32,21.68,23.16,24.09,28.06,30.03,30.84,30.71,,30.34,30.66,31.22,32.02,32.98,33.97,34.42,35.88,38.29,39.43,40.22,40.63,,42.74,43.71,44.52,46.06,48.19,48.53,49.78,50,49.77,50.24,50.98,51.55,,52.42,53.53,53.44,55.0917100854508,58.02401613,59.551126114452,61.3296823704734,63.10925464,64.03,64.9,66.22,67.64,,68.53,72.62,83.2,93.61,99.84,106.83,114.9,128.15,138.66,146.56,158.7,166.54,,171.99,181.86,193.06,203.25,214.44,227.08,240.02,258.46,284.05,312.72,365.22,552.51,,752.52,805.51,859.77,867.47,872.66,902.5,930.16,941.67,942.67,941.87,934.78,929.77,,925.31,915.69
Pampeana,Arroz blanco simple,kg,20.79,21.22,21.76,21.97,21.92,21.99,22.43,,22.8,23.21,23.9,24.37,25.32,27.14,28.16,29.2,34.28,38.42,39.71,40.91,,41.89,42.54,43.9,44.88,46.46,47.63,49.14,51.24,54.73,55.86,58.57,61.29,,66.91,70.81,72.79,73.7,75.59,76.28,78.65,81.78,84.47,87.8,91.78,94.46,,97.75,100.81,105.9,111.330407337798,116.5141043,119.761339505879,124.735482704806,127.2048067,129.8,131.74,132.61,135.71,,138.32,141.56,146.22,150.64,155.89,159.8,169.83,179.31,185.96,195.06,204.93,218.76,,229.86,250.47,278.63,316.31,380.88,426.58,476.92,550.68,664.29,811.65,1034.75,1518.33,,2113.86,2399.33,2577.4,2716.51,2661.07,2648.16,2688.94,2643.63,2635.55,2637.84,2613.56,2542.64,,2527.38,2431.62
Pampeana,Fideos secos tipo guisero,500 g,16.91,17.22,17.79,18.01,18.07,18.43,18.66,,19.32,19.52,19.64,20.24,22.18,24.06,26.19,27.45,31.59,34.98,36.49,37.78,,38.67,39.79,40.09,41.45,43.4,43.85,44.39,45.11,46.24,47.99,48.66,49.18,,52.64,54.38,54.81,54.82,56.03,56.21,57.68,58.51,59.09,58.7,60.2,60.32,,61.52,63.11,64.75,66.0375634017397,67.51632186,69.2013716284943,71.7551443812481,73.24745643,74.71,76.92,77.52,77.79,,80.56,83.9,91.12,100.19,108.97,116.44,127.07,141.06,155.28,168.21,180.11,189.57,,199.51,214.51,228.35,248.84,275.71,300.04,322.41,355.7,405.16,480.87,636.36,917.79,,1125.82,1271.17,1334.65,1353.93,1346.18,1350,1348.26,1355.39,1363.24,1370.9,1381.12,1383.17,,1402.86,1417.18
Pampeana,Carne picada común,kg,76.04,77.33,77,77.31,78.34,77.68,77.68,,77.34,79.29,81.57,84.12,85.98,94.44,96.88,102.12,108.91,113.95,114.24,114.88,,120.34,140.06,151.69,152.17,155.3,159.38,160.42,166.94,177.99,179.14,192.05,198.64,,210.95,215.94,228.24,237.47,242.31,242.84,248.16,258.17,262.15,267.62,280.53,328.31,,356.34,365.57,391.96,411.318233389259,438.3959503,473.643589999609,478.904555685475,479.6643163,481.11,475.02,504.49,549.69,,534.26,562.85,629,691.03,741.17,762.43,776.86,790.28,807.84,817.03,807.43,814.28,,825.28,1070.44,1162.93,1212.53,1267.9,1289.23,1353.23,1781.09,2083.79,2145.32,2510.05,3405.18,,3660.15,3976.89,4387.78,4666.75,4877.67,5023.41,5102,5215.75,5245.41,5220.48,5340.27,5739.3,,5812.49,6402
Pampeana,Pollo entero,kg,36.61,37.44,38.37,40.54,40.9,40.06,41.35,,43.73,47.21,50,47.48,45.81,48.29,49.47,53.83,62.3,64,65.28,67.72,,69.21,73.68,90.95,93.19,88.35,86.4,83.79,86.19,98.02,103.12,105.03,107.36,,111.42,111.93,121.12,123.6,115.12,116.37,118.82,125.2,130.09,136.65,139.89,159.02,,175.88,183.49,187.3,191.433946230097,195.2012443,200.606147087468,208.286870497034,211.2598663,219.44,225.66,232.3,242.45,,245.27,256.18,286.52,318.4,342.83,363.73,385.1,402,424.62,446.5,459.24,469.17,,491.34,510.84,625.95,813.27,751.79,735.41,723.94,868.69,1049.39,1156.4,1341.52,1725.66,,2004.4,2185.6,2477.87,2701.62,2780.2,2745.52,2813.62,2980.99,3135.74,3163.18,3228.91,3334.72,,3295.39,3317.93
Pampeana,Aceite de girasol,"1,5 litros",52.46,53.57,54.91,55.8,55.93,55.87,56.58,,57.11,57.15,59.11,61.03,64.64,70.79,77.38,80.24,93.3,99.55,100.75,102.17,,102.66,102.68,103.23,107.25,110.14,112.49,116.68,122.02,130.19,134.82,137.7,141.13,,154.69,158.38,161.43,160.58,161.15,164.03,166.49,170.44,172.37,183.27,194.22,202.74,,217.83,239.99,252.21,271.688197352354,286.661433,305.014418314424,317.378872673239,321.979644,328.98,334.51,334.56,342.37,,345.54,352.55,376.27,407.42,441.73,492.19,560.41,637.51,735.35,781.78,813.96,842.7,,900.95,935.67,970.94,995.23,1039.92,1063.64,1086.79,1151.87,1228.3,1285.26,1411.5,2184.99,,2918.47,3113.5,3235.54,3238.54,3149.09,3121.35,3191.79,3266.25,3352.93,3425.76,3588.21,3802.16,,4008.5,4107.59
Pampeana,Leche fresca entera sachet,Litro,22.63,23.42,23.58,23.53,23.64,24.18,24.25,,24.52,24.61,25,25.43,25.36,26.16,26.58,28.25,30.65,32.64,33.5,35.82,,38.2,39.5,42.99,46.09,48.29,49.01,50.65,52.53,52.61,53.02,54.23,54.62,,58.1,59.46,60.3,61.36,61.07,61.43,61.61,62.64,62.77,63.82,64.52,65.09,,66.19,69.97,76.57,83.3872779547446,87.21904988,91.3751218005004,93.5776551843517,95.45934486,98.86,101.38,100.15,101.8,,105.58,112.89,122.17,129.98,138.32,145.05,155.86,167.97,180.23,199.06,210.69,220.74,,232.14,246.41,265.16,288.83,319.85,345.83,368.89,397.44,429.57,459.16,509.97,659.17,,843.79,1012.2,1183.92,1301.28,1334.58,1396.26,1401.81,1455.42,1470.87,1483.41,1527.54,1525.76,,1560.29,1582.82
Pampeana,Huevos de gallina,Docena,33,33.05,33.4,33.11,33.28,33.36,33.75,,33.93,36.04,41.91,47.36,49.91,51.37,51.81,53.45,57.34,60.54,62.15,62.34,,62.48,65.08,69.92,72.45,73.98,75.08,75.81,76.29,78.81,81.3,83.47,85.93,,89.82,93.88,97.76,108.39,120.79,126.18,130.5,132.42,133.95,135.56,138.22,140.19,,140.01,140.12,140.87,142.492670522926,144.4667827,145.887966485467,151.713978319207,154.5493944,155.75,157.16,157.64,159.89,,165.76,195.56,243.59,259.95,264.4,269.29,297.96,341.15,350.36,369,387.41,408.15,,425.52,470.01,581.03,711.99,784.22,824.91,863.16,971.76,1195.7,1257.6,1338.84,1519.37,,1730.88,1910.82,2250.25,2433.98,2493.15,2555.51,2615.96,2712.1,2825,2954.38,3034.17,3052.91,,3092.34,3188.63
Pampeana,Papa,kg,13.59,13.93,14.26,14.53,14.92,18.05,17.68,,16.67,15.92,14.9,14.69,14.97,14.59,14.59,14.73,15.43,20.77,28.35,22.95,,21.4,19.95,20.57,19.75,19.89,21.49,23.29,24.65,26.89,26.65,27.26,27.4,,29.96,32.62,33.5,38.28,37.43,34.77,36.11,35.88,36.29,48.76,60.13,62.34,,63.27,59.27,57.04,56.1423849426569,54.16543264,53.105862291251,50.7118826451943,49.3875104,49.98,51.42,56.54,53.92,,60.4,70.6,67.7,67.61,68.72,83.21,87.59,118.8,142.73,206.04,205.87,203.84,,249.62,253.13,245.61,247,251.06,315.42,409.93,524.72,608.68,562.29,592.8,690.12,,739.64,768.56,753.41,730.82,733.76,734.39,878.3,1286.93,1356.74,1406.27,1193.41,1027.55,,858.13,790.73
Pampeana,Azúcar,kg,18.62,18.94,19.21,19.45,19.73,20.51,21.48,,21.86,22.72,23.25,23.6,24.03,24.59,24.66,25.22,26.8,27.8,28.07,28.32,,28.87,30.15,31.96,33.96,35.69,37.37,38.46,38.92,39.42,39.94,40.89,42.84,,48.88,56.88,63.73,65.49,66.05,66.77,66.46,67.03,67.38,67.76,67.69,68.2,,68.31,69.38,70.31,71.456427463918,72.26156558,72.7198173812641,74.675399406688,77.67605743,82.34,85.8,87.95,89.89,,92.52,98.12,108.4,120.24,130.03,139.18,169.48,213.91,234.92,250.13,259.29,265.81,,273.61,294.84,329.13,384.78,469.44,596.22,659.84,755.39,896.66,985.59,1085.67,1239.56,,1337.18,1322.53,1320.87,1257.49,1197.22,1143.83,1127.73,1125.63,1137.22,1125.99,1125.97,1132.48,,1141.12,1139.32
Pampeana,Detergente líquido,750 cc,21.94,22.2,22.47,22.38,22.53,22.75,22.91,,23.26,23.12,23.7,24.14,24.73,26.17,27.34,28.9,32.67,36.02,37.82,39.07,,41.3,43.58,45.71,47.29,49.06,50.94,52.3,54.15,60.59,62.24,63.46,64.69,,65.59,66.51,67.08,68,67.72,68.27,69.46,70.72,70.87,72.03,74.53,77.14,,78.44,83.24,87,89.7360051052449,92.07617491,94.6832024997676,97.2820270209129,100.2942999,102.17,106.87,108.78,115.62,,122.3,132.89,138.31,148.82,158.24,163.79,177.38,193.04,203.88,216.81,227.92,236.69,,250.09,258.41,263.39,283.87,319.38,342.35,366.04,395.62,448.45,501.76,574.13,781.1,,1181.37,1362.9,1458.62,1520.06,1598.07,1623.54,1672.39,1735.44,1799.95,1864.47,1875.47,1883.64,,1888.06,1929.92
Pampeana,Lavandina,1.000 cc,14.7,14.59,14.84,15.06,15.11,15.4,15.63,,16,16.58,17.12,17.62,18.12,19.07,19.89,20.23,22.08,23.7,25.37,27.39,,28.92,30.17,31.57,32.98,33.74,35.71,36.22,37.67,40.69,41.56,42.57,43.63,,45.55,45.97,46.12,47.67,47.13,48.32,49.03,49.33,49.87,50.94,51.22,51.6,,52.91,52.45,54.81,56.5558148718306,58.39279502,58.952516115236,61.4359330772462,64.49948608,66.69,68.88,71.6,74.06,,75.22,80.6,84.55,88.04,92.66,99.51,107.15,119.55,133.55,143.91,151.3,158,,166.87,175.16,180.79,193.46,208.55,220.98,237.03,255.06,297.89,328.62,363.74,518.76,,760.12,853.3,949.3,985.03,1009.65,1024.06,1062.64,1081.6,1121.04,1144.27,1145.76,1160.22,,1184.42,1163.42
Pampeana,Jabón de tocador,125 g,14.27,14.45,14.68,14.82,14.95,15.18,15.28,,15.26,15.35,15.78,16.08,16.47,17.26,18.31,18.96,20.93,22.65,23.57,24.58,,25.3,26.24,27.45,28.43,29.28,30.04,31.1,32.5,35.54,36.5,38.74,39.54,,40.59,41.51,42.93,42.44,43.55,43.45,43.73,44.66,45.36,46.57,47.42,47.86,,48.7,50.67,51.46,52.7921804454182,54.7295373,56.2455148610417,57.2006722089526,59.8316827,62.57,65.48,67.66,71.5,,73.59,77.77,83.46,89.56,94.13,101.44,113.47,128.61,138.49,149.24,157.29,169.89,,182.1,191.72,199.96,213.07,226.09,237.24,248.49,266.09,290.31,314.39,341.43,476.09,,652.87,725.97,765.52,802.22,830.17,829.15,863.19,888.74,898.93,916.5,926.89,945.34,,971.82,990.91
Noreste,Pan francés,kg,28.67,28.99,29.07,29.4,29.38,29.53,29.7,,30.2,31.29,32.86,34.27,38.16,42.71,44.87,46.08,50.9,53.23,53.55,54.25,,55.23,56.22,57.36,58.86,60.08,62.04,63.44,67.43,70.66,71.9,74.73,75.17,,78.48,80.45,81.52,82.17,84.32,85.4,86.74,88.78,89.45,92.31,94.82,97.9,,100.97,106.07,109,112.331404008213,114.5688085,121.504362712247,126.480177249447,127.8507089,131.97,136.27,139.34,143.93,,148.87,156.44,191.25,217.5,234.72,247.96,265.96,283.3,291.73,305.53,323.02,337.72,,349.4,370.39,388.42,423.31,460.03,505.39,531.95,597.68,679.06,723.82,836.98,1059.1,,1214.92,1341.48,1437.55,1502.34,1578.44,1694.9,1759.27,1807.72,1852.04,1850.32,1851.55,1864.6,,1871.61,1887.01
Noreste,Harina de trigo común,kg,11.35,11.05,10.94,11.06,11.1,11.08,11.08,,11.1,11.5,11.76,12.15,15.22,19.35,21.56,22.68,25.71,28.14,28.74,29.42,,29.73,30.56,30.66,31.18,31.49,32.67,34.31,35.44,37.05,37.23,38.66,40.08,,42.74,43.24,43.97,44.4,45.62,46.12,48.96,50.05,50.59,50.43,51.32,52.2,,52.24,53.51,53.82,53.3202544969213,54.86778692,58.2202273626051,59.4236547291461,60.84658468,62.43,62.87,64.08,64.39,,65.78,68.9,78.28,90.44,98.1,102.31,117.83,130.38,147.08,154.98,162.62,171.87,,179.2,191.2,201.45,213.89,225.85,241.83,250.94,273.29,293.75,335.22,385.26,568.74,,721.05,794.28,830.18,855.25,851.35,843.19,871.62,863.22,832.44,842.22,830.06,817.91,,818.36,812.27
Noreste,Arroz blanco simple,kg,19.82,20.32,20.37,20.07,20.32,20.48,20.72,,21.06,21.13,21.47,22.25,22.76,23.51,25.15,26.57,30.63,33.16,35.7,36.61,,38.66,40.84,42.37,43.85,45.7,46.49,46.89,48.72,49.73,50.9,54.22,56.48,,62.02,62.89,66.34,66.75,68.87,79.08,82.51,84.51,86.52,89.88,93.16,95.33,,97.69,102.93,104.27,108.72193638187,110.8460368,113.963326573145,120.685432700585,119.5655513,125.41,125.91,126.67,129.41,,129.45,133.82,134.81,139.6,142.8,147.22,157.13,164.27,172.84,181.55,189.79,193.55,,206.04,228.46,259.24,325.64,397.52,477.92,509.05,573.79,666.64,776.78,1070.2,1525.3,,2116.72,2415.45,2597.94,2654.09,2475.79,2426.49,2417.42,2343.49,2313.25,2280.41,2159.03,2137.68,,2066.19,2072.32
Noreste,Fideos secos tipo guisero,500 g,14.4,14.34,14.57,14.7,15.19,15.25,15.44,,15.39,15.96,16.05,16.61,18.01,19,21.13,22.7,27.05,28.93,30.6,31.23,,32.07,32.79,33.07,35.51,36.73,37.47,38.05,40.17,40.97,41.79,43.54,43.95,,47.89,48.72,49.87,53.87,54.7,50.96,51.69,53.73,52.76,52.86,53.65,54.4,,54.93,56.47,56.54,58.3904840289829,59.31215914,60.1134505228748,60.6281757275907,61.3025729,62.44,64.29,65.33,67.31,,69.98,72.53,78.46,87.45,93.66,101.98,114.42,126.24,141.31,147.82,158.73,167.73,,183.77,192.76,206.29,219.87,239.76,255.72,274.05,310.15,330.53,400.07,532.3,759.52,,924.12,1040.22,1103.07,1100.25,1119.04,1126.18,1136.75,1133.67,1140.12,1133.07,1126.59,1149.99,,1121.63,1121.01
Noreste,Carne picada común,kg,68.67,70.58,72.24,74.83,76.78,76.74,77.08,,78.31,78.49,79.99,82.18,84.27,88.06,89.88,92.44,102.96,108.33,110.18,112.94,,114.72,128.76,138.74,143,145.5,151.78,154.82,161.59,177.44,181.76,197.39,206.78,,216.23,228.49,230.28,241.44,243.06,244.91,245.4,253.45,267.59,273.54,285.65,351.78,,386.21,389.5,401.33,410.252871898197,424.5568629,434.051697487093,446.177981540964,444.1229137,452.52,461.13,489.91,541.4,,557.14,577.13,622.07,654.28,690.51,715.62,751.25,775.3,800.63,827.95,835.54,840.68,,851.59,1022.07,1083.3,1128.32,1156.35,1192.07,1242.52,1582.72,1943.57,2011.61,2337.52,3159,,3650.1,3684.81,3888.17,4011.98,4147.9,4265.82,4355.23,4638.6,4890.49,4986.86,5104.93,5349.84,,5793.9,6127.84
Noreste,Pollo entero,kg,37.3,36.99,37.29,39.05,39.39,38.98,39.33,,41.16,43.41,46.89,46.31,46.03,47.32,47.95,51.22,57.88,61,62,64.73,,65.79,69.61,84.63,92.27,90,89.01,87.02,88.2,94.53,101.21,105.78,110.64,,111.7,111.57,119.67,123.38,116.03,114.66,114.44,116.57,123.99,128.79,133.12,156.36,,177.51,184.07,186.43,184.441472109445,185.6597432,189.17590513976,197.2762587621,199.7650414,207.17,212.79,218.38,230.67,,238.2,248.29,274.33,303.32,329.43,345.35,360.17,378.7,403.74,424.21,432.01,442.14,,455.69,475.59,571.72,738.11,647.21,639.12,647.62,775.01,956.03,1079.46,1265.59,1610.51,,1841.32,2011.32,2234.43,2363.45,2420.73,2389.87,2392.69,2521.39,2678.09,2715.66,2778.68,2909.59,,2899.37,2850.45
Noreste,Aceite de girasol,"1,5 litros",51.08,51.05,53.34,54.33,55.78,58.11,58.89,,58.53,58.98,59.3,60.94,64.55,68.77,75.15,79.2,89.66,93.28,94.93,96.26,,98.97,99.73,100.26,104.43,107.57,111.4,111.83,120.38,129.53,133.82,136.91,139.77,,152.32,159.17,160.16,168.7,163.27,167.09,175.12,175.28,181.85,195.94,215.08,229.66,,251.36,298,302.92,330.104960948538,345.2235775,351.719805924786,366.406645989812,382.8617029,384.81,396.72,392.33,397.36,,403.96,428.26,453.19,528.12,555.53,595.26,704.36,771.59,854.12,909.15,946.15,965.33,,1004.03,1048.33,1081.48,1123.36,1192.42,1213.47,1252.77,1358.07,1472.62,1539.09,1630.94,2445.77,,3175.7,3316.17,3305.35,3281.58,3190.66,3196.42,3148.23,3167.89,3175,3260.54,3396.65,3621.01,,3775.8,3833.95
Noreste,Leche fresca entera sachet,Litro,22.53,23.27,23.25,23.39,23.82,24.25,24.61,,24.43,24.57,24.68,25.32,25.34,25.62,26.08,27.25,29.89,32.18,33.04,34.67,,36.99,39.27,43.09,46.24,48.78,50.29,51.68,54.26,54.79,55.94,56.73,57.24,,62.56,61.57,63.71,64.26,64.56,62.45,63.8,65.11,64.57,65.22,66.72,67.27,,69.35,75.75,84.38,89.8134961360759,91.98751689,96.9983877249021,101.431941909442,105.2589044,108.87,113.22,113.13,114.64,,116.2,124.31,130.82,144.01,151.08,160.71,173.16,187.49,196.37,209.33,221.55,231.52,,244.8,261.88,277.25,302.1,338.47,372.59,391.46,427.9,471.06,503.89,546.64,665.37,,827.62,1018.96,1183.22,1281.48,1287.03,1355.24,1348.78,1430.85,1444.98,1477.15,1523.42,1492.27,,1531.11,1583.04
Noreste,Huevos de gallina,Docena,29.33,29.27,29.27,29.32,29.07,29.36,29.43,,30.01,31.01,37.49,41.01,42.56,43.41,45.43,47.26,50.74,54.08,54.22,54.87,,56.82,58.93,62.67,65.56,66.59,67.45,67.67,68.12,68.96,70.52,73.2,75.63,,80.62,82.35,89.46,93.73,95.1,110.81,118.08,119,116.96,122.6,128.66,134.15,,134.69,133.86,136.18,137.506154856935,137.153506,140.298133080653,145.017212989938,147.9142257,147.72,149.8,149.86,150,,154.58,184.19,224.6,249.99,253.94,258.17,277.72,318.17,333.88,341.87,352.69,356.53,,363.89,427.95,564.27,660.38,710.82,749.97,784.19,866.91,997.94,1065,1143.68,1257.17,,1441.27,1611.16,2003.9,2254.2,2274.91,2355.71,2378.47,2399.05,2443.99,2481.56,2540.8,2576.93,,2567.66,2659.26
Noreste,Papa,kg,13.21,12.56,13.23,13.51,13.6,15.94,15.88,,15.84,15.56,15.29,15.19,15.58,15.53,15.15,15.22,16.02,20.08,23.47,21.47,,20.87,19.81,20.72,20.04,20.65,21.42,22.1,23.76,25.89,25.75,25.27,26.86,,30.11,32.1,33.15,39.53,38.91,38.52,38.75,39.76,40.28,47.89,59.04,63.77,,64.62,61.5,60.48,60.1693719446497,59.10860786,56.8295209432768,54.195591486326,52.62465337,50.95,51.52,54.24,52.48,,55.58,66.47,69.71,71.58,71.18,83.48,88.7,113.74,135.45,199.62,198.79,204.22,,271.11,261.22,242.1,232.38,238.85,299.99,371.24,508.23,569.07,528.28,532.79,650.12,,694.65,744.34,713.93,684.91,669.42,692.6,803.36,1257.61,1320.47,1331.38,1064.86,940.75,,729.45,691.37
Noreste,Azúcar,kg,17.9,17.99,18.01,18.37,18.72,19.21,19.52,,19.84,20.58,21.34,22.25,22.68,23.06,23.23,23.3,24.8,25.79,26.17,25.85,,27.05,28.77,30.36,32.2,33.73,34.98,35.49,36.42,37.11,37.45,38.6,40.71,,47.98,56.86,63.01,64.17,64.37,64.08,63.85,65.66,65.62,65.46,65.83,66.89,,67.67,69.87,69.38,70.0441567198939,70.50437715,72.1292587211555,73.9522005127867,77.93285465,82.8,85.09,86.11,89.14,,91.59,98.6,106.79,117.64,128.63,135.77,166.37,216.06,241.55,251.02,256.94,257.92,,269.87,297.2,342.02,394.36,496.54,613.79,657.83,804.03,936.01,1002.01,1082.99,1218.97,,1330.52,1267.4,1207.84,1166.83,1066.86,1011.13,990.55,995.22,987.88,999.81,978.15,1004.61,,1006.72,1027.58
Noreste,Detergente líquido,750 cc,19.93,20.53,20.67,20.34,19.88,20.05,19.55,,20.53,20.78,21.39,21.77,22.03,23.44,24.51,25.92,28.2,29.93,31.86,35.06,,37.62,39.47,41.44,43.41,45.17,45.58,48.17,51.7,55.62,57,58.33,61.06,,61.49,61.03,62.75,61.08,66.14,68.46,68.28,69.16,66.03,67.82,70.3,71.61,,72.3,75.16,79.97,84.5617287238574,85.94230703,85.1006396990496,86.7432903874047,88.26039401,90.54,94.1,96.27,100.5,,105.16,113.64,121.33,136.36,146.51,150.56,162.32,175.85,186.54,191.71,203.98,209.72,,219.31,232.3,236.53,262.44,279.26,322.87,342.13,406.79,445.39,491.19,533.75,748.8,,994.27,1231.77,1341.54,1427.4,1499.04,1519.62,1555.99,1595.83,1648.33,1649.01,1671.39,1693.32,,1695.82,1712.69
Noreste,Lavandina,1.000 cc,16.07,15.96,15.81,15.77,16.09,16.19,16.29,,16.6,16.81,17.32,18.06,18.95,20.02,20.45,21.68,23.83,25.38,26.47,27.02,,28.7,30.85,32.76,34.19,35.37,34.68,35.48,37.36,41.21,41.96,43.84,44.22,,46.49,47.68,48.53,49.73,48.02,53.95,54.35,54.22,54.01,55.05,55.49,55,,57.33,60.04,62.88,63.866740205803,65.91351115,68.2856730194658,71.43770017021,72.83997845,75.17,79,81.7,84.03,,85.85,91.91,95.72,102.93,106.62,112.54,124.07,128.97,141.67,149.7,155.44,166.52,,174.66,184.53,196.61,211.36,231.41,243.47,263.48,292.05,330.36,363.48,408.43,587.44,,784.86,914.46,974.8,1035.47,1062.69,1050.78,1095.1,1101.45,1088.85,1109.81,1125.28,1173.45,,1122.75,1131.09
Noreste,Jabón de tocador,125 g,14.23,14.21,14.49,14.79,14.88,14.91,14.85,,14.9,14.91,15.08,15.39,15.9,16.77,17.83,18.37,19.7,21.63,22.48,23.39,,23.69,25.42,26.52,26.85,27.25,27.99,29.09,30.98,34.37,35.42,36.95,38.34,,39.42,40.19,40.55,41.4,40.03,41.7,42.75,44.18,43.78,44.79,45.7,46.37,,46.39,48.39,49.52,50.9988719818091,52.2853746,54.0439068236081,54.9869247761257,58.21811731,59.88,61.8,62.74,65.71,,69.35,71.94,77.69,83.88,90.14,96.94,105.55,118.75,129.9,139.24,145.65,153.84,,169.45,180.19,189.03,203.78,219.98,240.31,245.95,279.08,306.28,324.3,350.13,499.28,,658.41,720.04,768.13,768.58,771.95,796.78,805.63,818.52,835.8,866.09,857,884.85,,889.24,934.94
Noroeste,Pan francés,kg,32.32,33.1,33.25,33.24,33.57,33.55,33.62,,34.13,35.19,36.33,37.44,41.49,45.75,46.47,46.75,52.51,55.52,56.9,57.68,,58.28,59.55,63.14,64.93,66.7,69.36,70.62,74.15,79.65,80.39,82.71,85.79,,86.85,87.93,89.67,92.11,92.76,94.61,95.39,95.69,96.34,99.29,103.94,104.96,,107.25,115.74,118.3,127.427361295579,131.8423476,137.428275632051,140.890890813362,142.2449994,147.57,147.97,151.19,158.37,,161.22,167.72,206.87,226.13,235.77,255.32,266.73,288.79,295.2,304.54,319.28,332.28,,347.23,377.77,392.34,418.43,464.67,495.66,521.77,605.62,678.42,715.99,820.27,1016.09,,1258.06,1383.41,1489.46,1546.9,1636.62,1752.95,1800.45,1859.56,1907.58,1926.1,1980.34,1996.51,,2025.94,2036.35
Noroeste,Harina de trigo común,kg,10.53,10.55,10.59,10.7,10.85,10.81,10.94,,11,11.29,11.5,12.48,15.26,20.5,22.54,22.98,26.46,28.39,28.72,28.91,,29.06,29.17,29.78,30.63,31.27,32.22,32.93,34.39,36.9,37.77,37.92,38.52,,40.4,41.33,42.29,43.85,45.28,45.79,46.79,48.34,48.23,49.73,50.76,51.5,,52,53.32,53.39,54.9449558831056,57.3547571,58.4971330323697,60.2374711813518,61.30206553,61.5,62.99,64.43,64.49,,65.63,68.7,81.83,93.72,100.83,107.91,117.66,128.16,137.33,144.01,152.64,162.76,,173.25,182.99,191.58,205.93,216.66,228.67,241.17,260.28,289.29,322,380.25,566.49,,727.34,779.89,793.42,798.44,804.44,832.48,854.81,869.65,870.82,866.11,861.19,853.79,,850.63,847.15
Noroeste,Arroz blanco simple,kg,18.48,18.63,19.16,19.41,19.74,19.81,20.03,,20.33,20.44,21.14,21.57,22.37,23.56,24.48,25.78,29.71,33.88,34.93,35.57,,36.75,37.28,38.23,39.42,40.69,41.65,42.65,45.41,48.52,50.12,53.59,56.04,,60.44,64.28,67.72,71.27,71.15,73.5,75.83,79.28,81.28,82.4,86.04,88.47,,93.34,98.16,100.9,106.435028315274,109.2133805,113.627422862177,115.122039807007,116.8203312,118.92,120.13,122.31,122.96,,124.33,125.51,129.82,137.62,140.88,143.34,152.02,163.8,172.7,180.76,192.13,199.97,,210.52,237.42,269.53,314.08,382.07,438.9,485.66,555.57,695.15,798.59,995.34,1469.01,,1946.54,2127.38,2258.23,2264.15,2277.93,2278.52,2216.19,2182.11,2187.43,2166.74,2098.09,2091.73,,2096.44,2054.95
Noroeste,Fideos secos tipo guisero,500 g,13.44,13.62,13.78,13.89,13.93,13.96,14.13,,14.37,14.58,15.21,15.84,17.07,19.66,21.15,22.18,25.66,28.39,29.47,30.31,,31.76,31.84,32.46,34.01,34.66,35.71,36.01,38.12,39.53,40.72,41.38,42.25,,44.73,46.08,46.22,48.05,48.14,50.52,49.36,49.6,49.65,50.55,51.85,53.27,,54.09,55.64,56.88,58.8804539122249,59.71695506,59.5154967130219,61.1570051778016,63.33511175,64.72,66.06,66.32,67.21,,68.58,72.03,78.7,87.11,93.89,100.31,111.45,121.18,130.22,141.46,153.57,160.56,,172.7,186.81,197.32,216.07,238.01,258.04,281.51,318.17,356.99,409.26,530.07,730.92,,921.41,1020.95,1060.82,1096.29,1123.9,1142.32,1150,1155.19,1154.96,1173.56,1180.52,1198.28,,1189.38,1194.17
Noroeste,Carne picada común,kg,81.89,82.23,82.43,84.05,84.82,85.22,85.93,,86.31,87.31,88.96,90.64,90.28,97.32,99.3,102.58,111.57,114.74,117.96,118.49,,124.76,141.59,154.54,155.82,159.77,162.19,161.75,168.94,178.9,180.73,197.11,201.3,,209.87,216.24,229.87,240.83,243.15,247.19,247.15,255.99,261.02,273.59,287.55,327.2,,355,360.86,376.49,403.232457565676,433.1162923,457.33049302649,462.939655728133,458.9746324,450,463.76,488.22,545.98,,560.39,578.11,651.41,693.32,744.54,755.28,784.3,787.07,785.4,788.34,820.59,843.97,,857.07,1016.83,1144.46,1188.62,1252.21,1267.02,1311.37,1714.84,2088.71,2300.51,2506.15,3463.97,,3761.62,4070.88,4448.28,4655.37,4927.91,5028.98,5213.78,5362,5502.91,5476.64,5696.4,6280.24,,6451.78,7120.22
Noroeste,Pollo entero,kg,36,36.91,37.48,39.69,40.48,39.99,41.56,,43.22,46.54,50.19,47.26,45.79,47.45,48.77,52.76,62.24,63.78,64.94,66.55,,67.55,70.65,87.27,91.45,85.41,82.72,81.12,82.52,92.26,99.69,101.33,104.03,,106.37,106.09,115.5,120.05,113.65,108.4,107.85,113.79,118.67,125.87,129.21,149.56,,165.5,173.4,177.85,182.00496592375,184.9051722,192.408815228371,197.717572588121,198.6944301,210.13,220.16,224.87,234.45,,242.2,253.72,282.6,316.52,339.59,357.06,370.31,386.4,405.12,426.22,437.18,447.96,,464.37,487.25,597.97,772.67,715.22,682.49,680.52,823.32,1004.63,1125.44,1302.65,1653.09,,1954.37,2104.72,2334.62,2561.7,2563.77,2503.61,2571.83,2770,2882.94,2883.92,2942.02,3052.86,,3021.82,3026.25
Noroeste,Aceite de girasol,"1,5 litros",51.46,52.13,52.96,53.8,54.7,54.96,54.54,,55.1,55.66,56.64,58.31,61.4,66.35,70.69,75.49,87.32,93.79,96.39,97.55,,98.63,99.35,100.86,105.44,108.31,110.27,112.61,121.69,129.88,131.25,134.99,139.34,,147.41,154.16,155.02,158.76,161.02,162.36,164.24,170.61,173.2,188.39,199.08,215.17,,228.08,249.98,273.4,282.86148812564,301.4484015,330.453072051069,340.62015645373,347.4587683,348.98,351.97,348.38,354.62,,361.17,367.66,401.6,466.97,522.17,563.08,641.91,735.25,760,797.32,831.79,853.53,,882.5,917.15,961.87,988.26,1042.46,1080.99,1105.33,1170.53,1275.21,1340.61,1488.25,2195.23,,2929.56,3151.1,3250.71,3222.81,3165.79,3128.65,3190.02,3186.45,3236.48,3329.23,3508.22,3662.81,,3802.36,3954.73
Noroeste,Leche fresca entera sachet,Litro,21.55,22.53,22.58,22.89,22.76,23.2,23.33,,23.62,23.88,23.88,24.62,25.03,25.62,26.14,27.4,29.24,31.85,33.02,35,,37.11,38.12,41.73,45.44,47.77,48.89,50.01,52.97,52.58,53.04,54.4,54.17,,57.59,59.42,60.61,63.4,63.83,62.75,63.13,63.72,65.07,65.99,67.29,68.57,,69.28,73.07,78.52,84.2648883939998,88.6459312,92.6842660907239,96.3727775682868,99.57794675,101.63,104,104.71,106.8,,109.97,114.2,121.87,129,136.36,145.51,158.27,171.88,181.7,200.76,213.35,222.27,,233.26,248.61,266.71,288.13,319.65,348.59,373.51,401.44,436.52,461.5,507.62,644.37,,842.32,982.02,1107.31,1250.42,1287.7,1327.36,1334.74,1384.56,1395.83,1418.1,1450.59,1458.13,,1480.28,1510.54
Noroeste,Huevos de gallina,Docena,30.08,30.32,30.47,30.54,30.81,30.99,31.17,,31.46,33.87,41.52,45.19,46.24,47.49,47.68,48.47,52.3,56.39,56.69,57.58,,57.76,59.83,66.05,68.09,69.11,69.79,71.85,72.42,73.23,73.99,75.15,76.69,,78.48,81.76,90.27,110.07,112.38,123.19,124.46,124.22,126.31,127.05,127.5,127.36,,127.24,130.41,130.43,129.855770282198,129.9367972,132.990562734261,139.869379800349,143.3424205,142.07,141.63,140.34,142.73,,145.99,193.62,237.02,248.63,249.56,254.46,301.51,347.29,355.33,360.93,369.97,377.93,,385.76,441.23,597.96,654.31,742.78,764.31,790.46,930.03,1095.08,1128.34,1182.17,1354.08,,1566.74,1709.66,1984.23,2214.08,2257.18,2327.89,2392.51,2484.09,2530.45,2574.06,2618.41,2645.06,,2686.07,2810.06
Noroeste,Papa,kg,11.33,10.82,11.21,11.47,11.55,13.47,13.54,,13.26,12.54,12.18,11.54,11.59,11.75,11.52,11.5,12.41,17.56,18.04,15.29,,15.9,15.44,16.8,16.28,16.34,17.48,18.23,20.02,22.3,20.55,19.91,19.4,,23.31,28.12,28.64,34.06,32.39,29.8,30.43,30.29,30.99,40.52,46.17,49.5,,51.95,49.75,47.4,46.58845442714,45.21807615,44.0802165538468,42.7511270536942,39.92042284,40.43,40.14,42.22,39.05,,46.43,59.27,57.51,58.47,58.78,72.99,75.74,97.04,110.26,162.54,150.59,150.5,,227.56,217.49,198.82,197.21,202.5,269.38,350.66,439.58,472.04,425.08,432.6,526.01,,610.17,627.85,608.84,589.94,592.08,604.71,730.32,1142.16,1128.62,1092.39,835.06,722.55,,583.1,587.3
Noroeste,Azúcar,kg,16.35,16.53,16.54,16.64,16.87,17.36,17.92,,18.27,18.91,19.58,20.1,20.78,21.04,21.36,21.51,22.58,23.35,23.56,24.03,,24.64,25.97,27.66,29.81,31,32.31,33.05,33.62,34.67,34.83,35.41,37.18,,42.49,51.55,56.51,59.38,59.51,60.22,59.91,60.84,61.02,61.62,62.09,62.38,,63.27,64.12,64.78,65.7230102027368,66.35302177,66.7817978447139,68.0076146636195,71.8793753,75.3,77.72,79.15,81.45,,84.42,90.8,98.79,108.67,115.41,121.73,153.58,195.79,211.37,220.44,224.77,233.55,,245.4,274.95,314.46,364.78,467.54,553.08,605.25,713.19,839.92,907.49,965.29,1099.06,,1180.71,1169.09,1133.05,1064.41,1004.82,972.28,960.8,943.11,959.86,954,955.25,963.63,,971.69,965.35
Noroeste,Detergente líquido,750 cc,23.05,23.57,23.92,23.91,24.34,24.39,23.35,,23.63,23.35,23.34,23.99,24.99,25.55,26.73,28.07,31.26,33.89,36,36.71,,39.84,41.52,42.89,44.96,47.25,48.6,49.86,52.73,59.25,59.44,60.43,62,,64.12,65.49,68.79,66.54,67.02,68.49,70.57,71.22,69.12,71.86,74.47,74.87,,78.08,82.33,86.2,89.4926993507551,90.46052308,94.1019871059506,95.2321600703081,98.56176791,101.57,104.63,105.15,108.76,,118.27,127.16,131.85,143.06,148.28,156.95,167.07,182.23,193.14,205.88,217.5,226.67,,241.91,253.75,254,271.64,307.25,340.64,362.79,409.75,436.61,509.38,575.36,783.4,,1127.97,1328.22,1464.56,1496.45,1547.66,1535.91,1585.11,1614.89,1688.11,1731.85,1724.67,1703.66,,1732.94,1756.37
Noroeste,Lavandina,1.000 cc,14.75,14.95,15.18,15.43,15.74,15.86,16.31,,16.81,16.86,16.84,17.97,18.63,19.36,20.4,20.71,23.42,25.48,26.62,27.99,,28.9,29.47,30.1,32.11,34.05,34.67,35.55,37.38,41.01,41.62,43.33,44.89,,46.97,47.72,48.36,51.07,51.51,50.9,51.96,52.77,52.45,54.18,55.37,55.3,,55.54,57.26,59.92,63.2853853861559,65.66319466,67.9799748269963,68.9766122340265,69.86548673,72.77,74.28,75.67,78.66,,81.5,85.4,88.58,92.46,95.37,100.98,110.06,119.65,130.68,138.93,150.89,157.36,,167.22,174.02,183.9,198.42,217.48,237.17,251.72,284.01,327.97,355.69,400.31,551.22,,792.14,898.96,967.54,995.24,1019.84,1016.13,1030.2,1060.08,1086.83,1085.68,1105.68,1117.9,,1134.48,1137.01
Noroeste,Jabón de tocador,125 g,14.65,14.73,15.05,15.24,15.31,15.51,15.7,,15.72,15.45,15.86,16.16,16.66,17.48,18.18,19.28,20.68,22.21,23.26,24.22,,24.78,25.49,25.98,27.17,28.21,28.9,29.53,31.32,34.01,34.78,37.26,38.28,,38.92,40.44,42.15,42.3,42.8,42.86,43.41,44.54,45.19,46.44,46.96,48.58,,49.3,51.58,52.49,53.2114048561349,54.57119355,55.6377594441244,58.072627252083,59.61496461,62.17,64.52,65.04,69.12,,72.51,77.56,83.89,88.93,93.84,102.59,112.66,125.59,132.83,143.5,151.35,160.72,,169.78,180.93,187.78,200.88,214.75,230.59,238.21,256.36,277.32,295.8,322.33,426.4,,648.86,718.05,759.96,775.33,780.09,778.12,795.22,825.6,851.85,869.16,900.39,895.09,,918.68,946.66
Cuyo,Pan francés,kg,28.12,28.34,28.82,28.99,29.35,29.35,29.34,,29.4,29.94,31.82,34.7,38.15,41.86,42.33,43.09,49.69,52.21,52.35,53.27,,54.35,55.36,57.67,59.5,60.98,62.91,63.45,67.7,70.94,72.16,75.87,76.21,,78.47,80.5,83.71,85.66,86.34,87.39,87.37,87.32,88.86,91.65,95.14,96.58,,100.68,108.86,113.92,120.10559944326,126.5113182,130.850884442486,136.045204228929,137.4961804,139.25,140.41,144.22,148.78,,151.07,158.61,200.94,220.7,230.43,241.09,251.03,265.01,274.28,285.22,301.77,315.66,,331.08,346.72,371.08,405.84,442.99,473.83,500.31,587.77,663.09,706.52,812.87,1002.74,,1199.61,1321.29,1426.77,1452.02,1546.82,1613.67,1688.35,1750.8,1762.28,1771.89,1797.87,1810.58,,1847.45,1896.31
Cuyo,Harina de trigo común,kg,10.45,10.28,10.46,10.49,10.58,10.51,10.76,,10.8,11.29,11.97,12.88,16.03,20.85,22.22,23.69,27.61,29.17,29.13,29.89,,29.86,29.85,29.88,30.08,31.9,33.28,33.73,35.23,37.91,37.83,38.05,38.59,,40.47,42.11,42.5,42.52,43.17,47.44,47.12,47.74,48.98,49.1,50.24,51.01,,52.51,52.95,53.29,53.0637980397714,56.25393573,58.8791922383713,59.6723304097307,61.08006404,61.18,62.29,62.17,64.88,,67.99,69.29,82.8,91.11,96.23,104.03,110.41,122.05,130.45,137.89,151.44,160.6,,165.37,175.38,185.16,187.65,200.62,208.52,218.73,235.34,259.52,300.5,380.66,537.08,,695.71,764.93,800.88,780.58,803.93,833.38,878.36,874.72,871.54,867.97,839.74,832.49,,845.39,842.13
Cuyo,Arroz blanco simple,kg,18.28,18.86,19.27,19.13,19.6,20.81,21.06,,21.48,22.03,23.34,23.67,23.84,25.28,26.56,28.03,33.3,37.78,38.07,38.57,,38.91,39.8,41.05,43.35,44.65,45.9,47.26,50.93,53.47,54.95,57.6,58.37,,65.26,71.03,70.64,70.31,69.09,79.18,82.93,85.08,86.45,90.87,95.19,92.83,,100.19,101.96,108.27,112.964781347443,119.9203562,123.944305833447,123.765400414295,125.5342302,129.42,131.94,131.3,135.7,,140.8,141.39,141.58,151.52,151.95,152.64,159.71,166.81,179.87,189.53,203.05,219.19,,230.56,251.57,284.04,316.55,373.97,433.65,483.15,550.52,717.19,828.23,1052.98,1477.52,,1975.49,2247.43,2351.07,2395.14,2341.35,2318.03,2335.6,2333.3,2295.24,2294.05,2267.79,2287.17,,2260.51,2230.92
Cuyo,Fideos secos tipo guisero,500 g,17.36,17.92,18.54,18.81,18.85,18.42,18.98,,19.28,20.07,20.53,20.95,23.03,24.72,25.7,25.97,31.59,34.43,35.45,35.73,,38.58,38.28,39.68,41.34,43.4,43.96,45.42,45.59,47.03,50,50.63,50.9,,53.28,54.49,55.03,56.86,54.04,56.17,56.09,57.34,57.45,58.91,60.78,59.6,,61.06,62.1,63.3,64.7285818128236,65.41031865,66.9928754398349,69.4053959704762,71.69939258,72.57,75.05,74.52,78,,78.79,83.22,89.37,100.05,105.57,113.61,124.34,136.25,150.57,159.83,169.51,182.91,,193.68,203.5,222.17,239,257.25,277.84,307.8,347.68,396.97,447.22,595.88,838.52,,1029.71,1137.07,1226.33,1216.36,1248.75,1215.7,1243.19,1259.43,1285.59,1310.16,1312.29,1306.01,,1302.34,1327.24
Cuyo,Carne picada común,kg,72.9,73.7,73.72,74.82,73.88,73.72,74.39,,75.15,77.98,80.76,82.26,81.99,89.04,91.89,95.05,102.37,107.5,108,107.69,,113.36,133.51,145.66,147.41,148.25,149.01,151,156.84,164.53,168.17,185.1,190.37,,195.46,201.11,208.61,225.04,222.3,223.57,226.75,232.45,235.02,239.23,258.75,321.53,,346.85,351.7,373.99,396.746458047518,415.2608785,443.404651615915,441.47072434647,434.2004247,427.17,425.62,460.87,526.94,,529.58,562.88,618.49,650.11,686.44,698.62,709.85,717.4,721.51,733.24,730.75,737.03,,757.02,987.58,1108.34,1120.37,1141.3,1151.6,1179.42,1614.3,1993.06,2043.97,2315.02,3294.41,,3480.16,3716.65,4054.62,4335.33,4422.19,4565.31,4616.85,4714.82,4781.09,4748.25,4749.46,5299.7,,5265.14,5934.96
Cuyo,Pollo entero,kg,34.22,36.16,36.91,39.39,40,39.76,41.8,,43.66,46.71,48.83,47.06,45.62,47.8,49.36,54.2,62.82,65.55,66.01,67.86,,68.93,71.57,91.65,95.84,90.02,87.33,86,88.01,95.9,101.46,105.61,107.87,,112.19,111.45,118.59,121.51,114.43,116.52,113.16,120.24,124.76,131.63,138.14,160.58,,177.49,183.71,184.38,189.104437163972,192.4059734,200.568536699973,209.998206922769,208.9354352,218.33,225.53,231.86,247.26,,254.23,263.51,299.13,324.47,343.69,358.29,385.97,403.17,426.33,449.46,465.72,471.77,,487.36,509.96,621.59,785.87,745.39,745.08,749.02,853.29,1055.73,1185,1390.96,1774.71,,2107.86,2341.62,2629.96,2729.36,2761.88,2692.13,2800.82,3051.76,3173.91,3178.54,3252.43,3337.07,,3365.74,3353.37
Cuyo,Aceite de girasol,"1,5 litros",48.26,49.07,49.39,51.16,51.56,51.37,52.43,,52.7,52.79,55.55,58.67,62.5,67.5,74.56,78.57,90.97,93.78,95.99,95.88,,97.92,96.55,97.3,101.41,103.11,106.46,111.3,116.32,122.6,124.21,126.58,130.74,,141.75,147.72,148.25,151.07,152.31,151.08,155.74,163.94,164.46,184.86,200.37,206.82,,218.17,242.31,252.35,267.958482159048,286.3609381,306.215025217125,321.661080449294,325.9670675,326.75,317.52,316.06,318.5,,332.87,326.46,361.77,411.8,459.64,512.17,547.55,624.18,721.35,750.58,779.57,806.89,,860.67,899.65,904.08,935.37,993.22,1016.96,1041.45,1100.35,1209.91,1272.28,1386.88,2031.56,,2711.29,2857.68,2978.47,2950.47,2873.99,2923.42,2961.34,3058.81,3129.44,3198.36,3362.28,3557.13,,3849.73,3958.14
Cuyo,Leche fresca entera sachet,Litro,23.22,23.95,24.04,23.85,24.06,24.8,25,,25.04,25.36,25.49,26.1,25.58,26.71,27.23,28.39,30.73,33.89,34.4,36.93,,40.16,40.86,44.03,47.31,49.09,49.69,51.37,53.12,53.68,55.6,57.29,58.3,,61.45,61.66,63.23,63.58,63.92,63.31,63.95,65.08,65.22,66.2,66.89,67.58,,69.11,73.87,81.31,88.6005040390537,92.55343385,96.8601730509676,99.3148890590863,102.6749906,104.78,109.46,109.82,114.06,,117.05,124.78,132.39,141.68,150.7,158.84,167.52,182.8,195.19,219.7,238.46,247.12,,259.75,275.09,298.74,320.08,351.32,369.73,386.02,411.59,437.3,462.12,521.62,664.94,,890.47,1092.26,1276.44,1375.4,1415.11,1451.11,1426.78,1474.44,1474.51,1466.52,1511.72,1558.07,,1588.42,1592.6
Cuyo,Huevos de gallina,Docena,35.84,36.04,35.29,35.95,35.41,34.96,34.96,,35.47,39.28,46.12,54,56.48,57.5,58.41,60.27,62.31,65.46,66.04,66.22,,65.65,68.69,76.85,80.47,83.12,82.44,82.29,81.66,82.45,82.6,83.74,85.6,,89.67,94.38,97.03,110.61,115.59,120.93,127.09,130.26,131.4,132.12,130.12,130.8,,131.88,132.59,134.43,135.110387491923,136.4310739,142.132175031276,146.571594481866,147.9630113,149.18,150.68,151.26,153.56,,157.78,198.96,257.04,267.48,267.95,271.58,309.46,361.99,367.57,379.3,387.73,405.63,,418.83,482.95,634.51,781.85,851.93,884.1,936.41,1028.31,1164.85,1242.71,1367.76,1632.85,,1884.32,1946.5,2305.27,2473.61,2531.48,2543.48,2647.61,2762.59,2824.15,2904.44,2899.82,2921.13,,2921.64,3006.62
Cuyo,Papa,kg,13.01,12.83,12.98,13.28,14.12,17.28,15.34,,12.92,13.55,13.58,12.63,12.68,13.24,13.18,13.08,14.05,20,25.16,18,,16.55,16.78,19.74,19.1,18.83,19.66,20.47,22.73,24.95,25.16,25.1,22.76,,24.24,33.55,35.98,37.06,34.79,34.9,36.56,36.12,35.4,48.65,59.77,57.05,,57.24,57.33,55.16,53.9576239148394,48.85648714,49.5604392307165,46.3931628486899,46.00787351,46.48,49.03,54.91,47.79,,48.88,65.53,69.85,69.48,71.73,90.85,95.02,123.3,144.1,224.27,214.74,192.87,,262.1,279.17,251.67,250.66,271.13,330.17,423.31,560.16,594.93,551.11,565.51,627.08,,696.52,716.24,710.85,708.39,687.93,777.34,919.57,1425.73,1450.33,1385.95,1165.31,930.93,,689.99,718.8
Cuyo,Azúcar,kg,17.86,18.13,18.29,18.69,19.01,19.53,20.66,,21.05,21.63,22.49,23.09,23.48,24.1,24.33,24.66,25.92,26.66,26.49,27.61,,28.46,28.96,31.22,33.68,35.92,37.23,38.23,39.29,39.66,40.15,41.02,43.16,,50.43,57.36,61.05,61.94,61.26,62.49,63.21,63.79,63.59,63.81,64.57,65.13,,65.97,67.55,68.68,70.5205712561449,71.2490248,71.3471679774959,72.6792577514977,75.99028307,79.07,82.75,84.55,86.3,,88.48,95.75,109.52,121.72,129.16,137.54,169.87,210.55,239.05,250.7,257.56,261.02,,267.35,280.25,320.27,366.16,475.16,585.41,664.1,748.13,903.33,986.44,1077.28,1219.02,,1302.51,1265.43,1217.77,1166.37,1077.2,1088.14,1068.84,1033.54,1071.24,1060.17,1075.84,1086.76,,1108.32,1097.85
Cuyo,Detergente líquido,750 cc,21.91,22.11,22.15,21.4,22.21,23.14,23.35,,23.34,23.28,24.35,24.56,25.98,26.33,27.37,30.15,30.96,34.66,37.94,39.48,,41.15,44.16,44.97,46.84,49.75,51.4,51.85,54.38,59.16,61.2,63.84,65.69,,66.12,67.07,66.53,68.22,68.05,69.03,69.31,70.75,70.45,72.66,73.28,74.64,,78.43,87.79,89.58,92.411477043565,94.23147366,97.576702607357,100.11197057612,99.50207549,101.53,105.69,107.68,111.19,,118.95,129.97,137.56,150.14,156.11,162.09,174.28,186.93,206.03,213.38,223.04,232.95,,247.24,252.5,269.55,267.08,287.73,322.1,356.03,370.15,411.19,527.11,563.79,679.15,,1124.83,1303.34,1476.97,1447.55,1461.01,1472.55,1505.12,1529.52,1581.01,1602.83,1587.5,1594.14,,1615.48,1642.77
Cuyo,Lavandina,1.000 cc,14.23,14.61,14.59,15.11,15.41,15.89,16.66,,17.06,17.71,17.81,18.36,18.7,19.41,20.67,20.55,22.78,24.89,25.21,28.79,,30.53,32.56,33.74,34.14,35.05,34.67,35.86,37.32,41.53,42.05,43.78,45.84,,46.44,45.73,47.78,51.08,50.2,48.33,49.61,50,49.48,50.78,50.64,50.84,,53.23,53.55,53.58,54.0273595308059,55.69183659,56.1910909587408,59.2951619173656,64.15311108,65.29,69.7,70.23,70.75,,72.99,77.66,81.03,91.8,96.15,104.06,110.14,117.05,129.71,143.37,151.05,159.08,,165.38,175.87,185.21,196.89,213.38,226.17,235.95,249.7,284.04,319.82,353.86,487.69,,752.11,843.81,917.28,978.17,1006.72,1018.34,1094.83,1136.8,1174.11,1196.53,1204.91,1205.5,,1227.64,1238.75
Cuyo,Jabón de tocador,125 g,14.21,14.25,14.78,14.89,14.99,14.97,15.07,,15.2,15.2,15.64,15.74,16.63,17.35,18.14,19.15,21.14,22.4,23.47,24.49,,25.46,26.1,26.79,28.1,29.33,30.23,30.42,32.71,35.99,36.85,39.84,40.72,,42.05,43.56,45.2,46.19,45.45,45.14,45.22,46.54,47.34,49.15,50.12,50.63,,50.67,53.1,54.11,54.7080049587732,54.98209211,56.4942139910464,58.176612054071,58.63082403,58.96,64.28,66.86,69.37,,75.69,80.14,86.69,93.96,100.59,105.48,118.55,133.93,149.57,156.82,165.47,177.97,,191.1,198.26,204.94,216.72,227.33,235.89,248.16,264.81,284.83,304.92,330.89,459.53,,674.26,740.71,762.81,780.55,804.48,794.72,824.37,850.85,874.47,899.16,898.09,912.44,,956.24,974.34
Patagonia,Pan francés,kg,38.43,38.68,38.84,39.49,39.88,40.62,40.84,,41.85,42.98,44.92,46.61,50.95,55.31,57.82,59.47,65.14,67.27,68.94,68.72,,70.83,71.58,73.09,75.61,78.78,82.38,85.22,88.02,93.29,96.75,100.59,105.31,,111.71,113.01,115.3,114.77,116.1,120.49,120.68,123.88,124.71,129.22,134.2,140.08,,141.63,146.23,152.76,158.640873962742,164.5411627,173.280405940584,177.824763413283,182.2251941,185.07,192.71,197.42,201.41,,205.46,216.45,254.49,284.93,294.71,308.09,326.17,340.77,352.94,374.07,386.91,406.21,,418.56,443.53,470.77,497.85,536.01,586.62,614.63,705.83,826.64,925.52,1051.31,1353.51,,1677.05,1823.36,2021.08,2129.43,2217.22,2385.2,2479.76,2567.58,2650.43,2718.14,2855.89,2905.5,,2957.74,3039.69
Patagonia,Harina de trigo común,kg,12.14,11.79,11.75,12.06,12.24,12.27,12.61,,13.52,13.68,13.7,14.49,16.96,21.84,24.4,26.19,28.33,31.11,33.82,34.01,,33.73,33.96,33.93,34.41,35.36,36.08,36.62,38.05,40.05,41.25,42.43,43.17,,45.35,46.65,47.4,49.92,48.68,50.32,50.85,51.96,52.95,53.5,55.6,55.92,,56.15,57.25,57.9,59.89929524691,59.48586306,60.6249361920166,63.9873767491421,65.97796047,67.66,68.44,67.84,68.38,,72.61,75.66,85.6,95.66,104.59,108.91,116.21,130.48,138.73,150.7,162.74,169.72,,182.28,193.97,202.6,214.81,220.43,228.18,241.76,258.13,297.3,319.46,373.08,522.72,,797.35,870.68,974.56,1004.54,1003.42,1025.27,1031.78,1050.15,1042.68,1048.11,1016.36,1039.34,,1022.74,1064.67
Patagonia,Arroz blanco simple,kg,25.82,26.33,26.49,26.52,27.16,27.01,27.55,,27.88,28.81,28.88,30.21,30.57,31.8,33.02,33.8,36.98,41.55,44.11,45.15,,46.4,47.36,49.17,51.81,53.94,54.22,54.95,55.88,57.83,58.72,63.73,66.16,,70.15,72.04,75,74.39,78.29,79.9,79.57,82.2,84.15,84.87,90.42,92.8,,98.51,104.1,109.14,123.766935154963,123.8864364,127.311841227911,125.939619211337,133.5186146,138.44,142.53,141.1,144,,148.33,147.51,151.64,155.33,165.13,169.26,174.4,184.56,191.42,203.55,214.55,225.68,,241.43,256.09,286.95,322.46,363.65,420.36,510.02,586.37,739.56,871.31,1049.78,1536.59,,2708.21,3078.94,3191.26,3213.41,3261.16,3255.71,3171.5,3097.06,3127.59,3200.73,3132.99,3084.52,,2997.99,2913.24
Patagonia,Fideos secos tipo guisero,500 g,20.68,21.02,21.32,20.98,21.32,21.58,21.98,,22.81,23.33,23.23,23.43,25.36,26.66,28.34,29.84,33.26,36.34,39.31,40.48,,41.69,42.55,42.92,46.08,46.84,48.37,49.66,49.72,50.4,53.81,56.17,56.91,,59.26,60.91,61.78,61.42,63.8,61.86,63.18,66.56,65.73,67.95,68.65,68.74,,68.99,70.92,73.11,74.9684138169155,76.06951179,79.0102541731339,79.829804178293,82.1057792,83.42,84.92,86.4,88.83,,91.85,92.8,101.72,113.28,121.78,131.34,143.72,159.58,169.84,184.56,201.77,213.9,,226.17,236.23,249.73,271.99,296.46,314.99,355.24,387.25,446.41,556.21,722.84,1005.29,,1212.87,1311.59,1433.28,1481.02,1508.34,1503.18,1493.33,1516.49,1531.61,1530,1545.91,1570.35,,1580.31,1588.32
Patagonia,Carne picada común,kg,91.12,91.64,92.76,94.13,96.01,96.79,95.81,,98.77,98.02,101.22,103.94,102.61,108.97,115.75,123.05,131.11,141.82,141.8,143.07,,151.18,165.15,185.96,189.76,197.06,204.73,204.21,213.67,221.87,220.45,229.97,238.45,,252.95,274.23,///,282.55,275.3,276.3,300.76,320.63,322.1,331.91,354.2,380.52,,393.62,410.34,438.28,469.464487933306,484.4109324,495.293929983928,508.301165793692,529.2329936,544.36,540.21,559.7,596.17,,619.89,667.37,757.98,834,842.39,871.35,950.28,997.6,1038.87,1103.11,1063.94,1067.21,,1132.74,1297.92,1465.21,1563.88,1638.25,1632.55,1713.09,2013.59,2731.33,2780.39,3143.46,4323.82,,5203.32,5351.1,5797.99,5563.47,5469.69,5342.3,5538.81,5732.88,6018.02,6106.38,6429.1,7025.58,,8129.91,9003.33
Patagonia,Pollo entero,kg,42.98,43.04,43.33,44.73,44.73,45.03,45.74,,46.42,49.05,52.38,53.61,53.66,53.71,54.53,57.35,66.22,69.5,71.78,72.83,,75.17,77.74,92.65,101.49,100.27,97.65,94.72,97.95,102.7,106.25,111.18,112.99,,120.01,119.55,124.97,122.75,124.22,121.29,124.28,126.75,129.91,132.62,135.46,147.66,,162.76,174.56,179.46,183.88955024969,187.0672325,188.769299594199,200.477712072501,205.7458322,215.52,227.76,233.58,241.97,,247.08,257.68,287.48,319.69,349.34,368.47,389.46,406.06,426.59,454.5,462.95,466.41,,495.1,521.54,597.99,782.18,790.18,780.44,789.27,895.54,1069.93,1150.23,1317.75,1678.07,,2092.71,2214.3,2558.56,2713.77,2832.99,2849.71,2897.43,3033.73,3155.61,3186.91,3251.13,3373.6,,3393.21,3435.05
Patagonia,Aceite de girasol,"1,5 litros",50.31,50.25,51.17,51.64,53.71,53.25,53.3,,53.37,53.93,55.15,57.1,61.83,65.53,72.28,75.4,84.95,93.29,97.91,97.77,,97.96,98.38,99.62,104.53,108.88,111.52,115.96,116.82,119.7,127.76,130.87,133.15,,145.28,150.64,154.28,154.47,156.18,157.11,161,168.95,165.54,175.3,182.96,188.92,,201.44,215.85,247.26,267.61214626153,278.4077799,275.272494264839,286.960418762237,290.8408789,309.25,305.18,302.44,319.92,,317.88,317.45,340.36,369.17,404.18,449.03,490.97,534.99,560.39,655.46,693.95,720.8,,743.95,785.57,814,890.99,912.84,924.12,920.41,989.23,1096.53,1117.79,1168.36,1750,,2831.23,2979.33,3183.86,3174,3128.21,3161.48,3175.8,3192.58,3347.51,3488.15,3632.9,3888.45,,4094.7,4255.24
Patagonia,Leche fresca entera sachet,Litro,23.82,24.36,24.53,25.08,25.03,25.39,25.87,,25.79,25.89,26.09,26.82,26.52,26.63,27.11,28.47,30.58,33.28,35.68,37.75,,40.86,41.58,45.91,49.61,51.8,52.6,54.21,56.12,54.93,55.77,59.57,60.99,,62.83,62.14,///,62.33,62.06,62.29,63.11,64.35,64.43,64.63,65.53,67.32,,67.8,72.78,79.28,87.7543126497088,90.73064115,95.6157366756991,100.737602146654,102.7488154,107.05,110.16,105.96,106.66,,110.01,115.71,129.95,143.75,151.61,156.46,162.31,176.29,192.73,223.98,234.35,242.06,,253.46,264,284.11,306.87,331.75,351.89,381.25,401.63,433.95,458.33,532.62,706.63,,946.38,1137.33,1328.89,1405.65,1490.65,1535.68,1495.9,1531.55,1561.84,1603.91,1610.1,1680.69,,1707.24,1705.3
Patagonia,Huevos de gallina,Docena,43.34,43.78,44.34,43.75,43.7,44.51,44.52,,45.02,45.73,50.24,56.18,60.1,62.51,64.93,66.18,70.59,73.34,73.83,74.96,,74.28,76.72,81.56,84.71,87.36,88.74,88.7,89.6,89.96,90.31,92.27,97.86,,105.86,110.35,///,125.06,128.18,134.95,140.8,144.13,142.13,145.45,146.92,148.85,,149.08,148.65,150.95,155.815618395432,162.2543603,162.372450993931,165.181916193971,169.8286804,173.13,175.68,177.2,179.19,,184.14,202.9,243.46,266.79,282.06,299.94,326.95,374.23,394.15,414.06,436.48,450.1,,461.14,497.99,597.3,745.09,881.59,943.79,999.45,1183.15,1415.64,1501.12,1608.63,1807.83,,2090.73,2289.14,2664.36,2916.08,2971.97,3016.35,3000.47,3094.62,3256.24,3355.56,3474.81,3504.25,,3588.5,3697.51
Patagonia,Papa,kg,19.44,18.95,19.55,19.71,20.55,22.3,22.54,,21.91,22.34,21.71,21.38,21.29,21.57,20.78,21.07,21.69,26.63,35.82,32.26,,30.34,29.06,30.07,29.5,30.26,31.1,32.01,34.81,37.21,37.42,38.48,38.71,,39.66,43.86,47.27,48.34,47.08,46.52,47.73,47.99,50.66,62.96,70.43,75.33,,75.15,75.1,75.52,74.6311008557241,72.91538974,71.2431495612039,71.2586603222196,70.52171707,71.14,74.29,76.92,77.51,,79.97,90.33,95.49,94.06,96.84,108.6,120.85,145.63,173.89,239.68,258.58,263.51,,310,331.68,331.93,336.76,339.01,397.92,497.57,638.07,774.28,773.91,791.68,858.88,,983.43,999.78,1037.45,1028.05,1022.68,1079.65,1207.14,1604.01,1826.18,1864.11,1865.48,1621.49,,1242.5,1214.44
Patagonia,Azúcar,kg,21.34,21.38,21.52,21.72,22.24,22.95,23.66,,24.61,25.22,25.79,26.31,27.14,27.79,27.7,28.05,29.17,30.47,30.71,31.07,,32.28,32.43,35.05,37.03,39.02,40.92,42.54,43.13,44.63,45.33,45.89,47.91,,55.51,60.16,62.52,64.92,66.56,66.58,66.89,68.67,68.74,68.88,70.17,69.53,,70.99,73.27,74.93,77.0906232253439,79.13055961,80.5271796975691,81.9950339490659,84.84822582,87.23,89.06,90.66,93.54,,95.63,99.98,116.85,127.28,136.99,150.15,169.69,202.17,235.82,259.97,275.22,285.23,,289.51,307.93,331.43,354.25,412.35,574.81,714.13,811.35,950.41,1074.06,1179.19,1364.79,,1533.07,1529.32,1541.32,1507.44,1387.43,1377.16,1344.02,1329.71,1317.22,1302.3,1304.08,1321.85,,1356.38,1374.58
Patagonia,Detergente líquido,750 cc,34.48,34.91,35.98,34.89,35.51,35.75,37.13,,36.25,36.94,37.33,37.69,38.74,40.51,42.6,45.41,51.14,55.18,61.89,62.28,,65.92,69.74,71.98,75.2,75.82,80.26,85,87.47,94.14,99,102.68,106.76,,112.48,113.32,///,112.19,112.81,115.53,114.35,115.75,119.34,118.7,121.02,124.82,,136.63,143.28,148.85,148.108616430454,137.4767862,148.940802315955,157.591556234285,165.7507599,172.43,178.22,189.42,198.83,,207.76,218.87,229.15,244.97,266,278.55,296.29,320.41,336.99,362.03,399.5,411.6,,448.72,446.56,469.63,499.76,533.14,548.97,694.67,706.92,817.01,847.78,927.63,1185.65,,1602.68,1822.87,2000.47,2316.4,2306.87,2274.62,2485.98,2544.68,2755.76,2852.21,2828.1,2909.61,,2956.69,3018.22
Patagonia,Lavandina,1.000 cc,16.2,16.21,16.57,17.14,17.65,17.44,18.29,,18.23,18.99,19.41,20.04,19.83,21.03,22.04,22.96,25.74,27.32,27.81,29.66,,31.62,32.71,34.61,35.76,37.03,38.7,39.86,40.05,43.86,45.68,46.98,48.34,,50.46,50.56,///,49.7,49.46,50.79,51.03,52.63,51.25,52.37,52.46,54.13,,54.46,55.73,57.39,57.4447571588914,57.40640897,58.0538039300988,61.1886428599557,65.08877815,66.66,67.2,68.74,70.48,,73.61,77.45,79.54,85.73,89.69,95.3,101.44,120.52,138.8,152.04,157.97,164.79,,173.8,180.91,187.55,200.24,213.94,227.34,255.06,276.4,319.95,346.67,376.15,551.2,,840.67,912.36,991.71,1043.67,1106.52,1088.59,1162.98,1206.88,1216.43,1229.42,1228.51,1241.93,,1262.17,1254.01
Patagonia,Jabón de tocador,125 g,15.09,15.3,15.6,15.58,15.68,15.58,15.74,,15.89,16.19,16.51,16.79,16.91,18.25,19,20.01,21.86,23.66,24.75,24.98,,26.86,28.41,29.05,30.01,31.41,31.97,32.8,34.76,37.11,39.02,42.42,44.58,,46.27,47.18,///,46.59,48.8,48.4,49,49.96,50.5,50.96,52.58,52.88,,54.18,54.11,54.29,54.5110062698816,56.11086248,58.0556798985019,60.3660441552043,61.94398303,63.97,64.91,67.5,70.33,,73.82,79.87,87.15,90.81,97.02,103.8,115.81,129.03,142.68,156.12,165.94,176.19,,190.05,200.22,205.2,218.15,229.81,241.43,255.59,278.89,304.66,320.42,347.99,475.26,,714.94,817.54,844.65,880.49,913.33,909.57,904.17,915.87,957.23,998.82,1011.4,1036.91,,1065.58,1114.15
,,,,,,,,,,,,,,,,,,,,,,,,,,,,,,,,,,,,,,,,,,,,,,,,,,,,,,,,,,,,,,,,,,,,,,,,,,,,,,,,,,,,,,,,,,,,,,,,,,,,,,,
"Nota: se presentan precios promedio para un conjunto de bienes de la canasta, a los efectos de brindar transparencia al proceso de construcción del IPC. De esta manera, se facilita a los usuarios hacer un seguimiento de la evolución de precios a través del tiempo. Sin embargo, la comparación de precios a través de las regiones puede no ser válida, ya que no se trata de bienes con especificaciones armonizadas a nivel regional.",,,,,,,,,,,,,,,,,,,,,,,,,,,,,,,,,,,,,,,,,,,,,,,,,,,,,,,,,,,,,,,,,,,,,,,,,,,,,,,,,,,,,,,,,,,,,,,,,,,,,,,
,,,,,,,,,,,,,,,,,,,,,,,,,,,,,,,,,,,,,,,,,,,,,,,,,,,,,,,,,,,,,,,,,,,,,,,,,,,,,,,,,,,,,,,,,,,,,,,,,,,,,,,
,,,,,,,,,,,,,,,,,,,,,,,,,,,,,,,,,,,,,,,,,,,,,,,,,,,,,,,,,,,,,,,,,,,,,,,,,,,,,,,,,,,,,,,,,,,,,,,,,,,,,,,
"Fuente: INDEC, Dirección Nacional de Estadísticas de Precios, Dirección de Índices de Precios de Consumo",,,,,,,,,,,,,,,,,,,,,,,,,,,,,,,,,,,,,,,,,,,,,,,,,,,,,,,,,,,,,,,,,,,,,,,,,,,,,,,,,,,,,,,,,,,,,,,,,,,,,,,
